<?xml version='1.0' encoding='ISO-8859-1' ?>

<!--
The "name" attribute below specifies the name of the book.  This
name appears both in the table of contents and in the search scobe
popup menu.  This attribute is required.

The "context" attribute below specifies an alternate name of the book
and is only necessary when combining books for use with your
application's context-sensitive help. You can put any value you desire
here but it must contain only the characters "A-Z", "a-z", "0-9", or "_".
This attribute is optional.

The "toc" attribute specifies the relative filename of the XML file
that specifies the TOC structure for this book.  This attribute is
optional.

The "ix" attribute specifies the relative filename of the XML file
that specifies the index structure for this book.  This attribute
is optional.

The "search" attribute specifies the relative filename of the XML
file that will be generated by wwhelpix at the end of the conversion
process.  This attribute is optional.

The "version" attribute specifies what format version the file is 
described in and should always be "4.0".  This attribute is required.

The "locale" attribute specifies the native language/locale for
this book.  Currently valid values are en=English, fr=French, and
de=German.  To ensure that proper word breaking rules are followed,
this attribute must be set correctly.  This attribute is optional.
-->

<WebWorksHelpBook name="Timogen Adaptive Controller Help" context="Timogen_Adaptive_Controller_Help" toc="toc.xml" ix="ix.xml" search="search.xml" version="4.0" encoding="ISO-8859-1" locale="en_US">

  <!-- 
  The following CommonWordsToSkip block allows you to define what
  words will be omitted from the generated full text search index.
  We have provided a list of low information words that are common
  in English as a starting point.  However, if you are processing
  documents in a different language, you will need to adjust the
  words accordingly.

  The "minlen" attribute specifies the minimum length of word to
  include in the full text search index.  Words that are fewer
  characters in length than this value will automatically be
  omitted from the search database, and need not be explicitly
  listed inside this block.  The default value of 3 seems to work
  well for English.  A value of 1 may be needed for CJK languages
  where one character can represent a whole word or concept.
  -->

  <CommonWordsToSkip minlen="2">
    a
    about
    after
    all
    also
    am
    an
    and
    another
    any
    are
    as
    at
    be
    because
    been
    before
    being
    between
    both
    but
    by
    came
    can
    come
    copyright
    corp
    corporation
    could
    did
    do
    does
    each
    etc
    for
    from
    get
    goes
    got
    had
    has
    have
    he
    her
    here
    him
    himself
    his
    how
    if
    in
    inc
    into
    is
    it
    its
    let
    like
    make
    many
    me
    might
    more
    most
    much
    must
    my
    never
    nor
    not
    now
    of
    off
    on
    one
    only
    or
    other
    our
    out
    over
    own
    reserved
    rights
    said
    same
    see
    set
    shall
    she
    should
    since
    so
    some
    still
    such
    take
    than
    that
    the
    their
    them
    then
    there
    these
    they
    this
    those
    though
    through
    to
    too
    under
    us
    use
    very
    was
    way
    we
    well
    were
    what
    when
    where
    which
    while
    who
    why
    will
    with
    would
    yes
    yet
    you
    your
  </CommonWordsToSkip>

  <!--
  The ScoringPrefs block allows you to control how search terms
  are scored by assigning different relative weights based on
  where a word occurs inside each document.  Three common
  META tags are supported by default, but this may be extended
  to custom META tags as follows (for a tag called partnum):

    <meta name="partnum" weight="100">

  For information on setting/creating META tags from within
  WebWorks Publisher, please see the online documentation.

  Note, that words occurring in elements not explicitly declared
  below will by default be scored with a weight of one.
  -->
  
  <ScoringPrefs>
    <meta name="keywords" weight="100"/>
    <meta name="description" weight="50"/>
    <meta name="summary" weight="50"/>
    <title weight="20"/>
    <h1 weight="15"/>
    <h2 weight="10"/>
    <caption weight="10"/>
    <h3 weight="7"/>
    <th weight="5"/>
    <h4 weight="5"/>
    <h5 weight="4"/>
    <h6 weight="3"/>
    <h7 weight="2"/>
  </ScoringPrefs>

  <!--
  The DocumentInfo block specifies the title and filename for
  each generated page in the book (excluding TOC and IX).
  -->

  <DocumentInfo>
    <Document title="banner-.html" href="banner-.html" />
    <Document title="Timogen Adaptive Controller User Guide" href="banner-Timogen_Adaptive_Controller_User_Guide.html" />
    <Document title="Introduction " href="introduction-Introduction.html" />
    <Document title="Timogen Adaptive Controller Concepts" href="introduction-Timogen_Adaptive_Controller_Concepts.html" />
    <Document title="Alerts" href="introduction-Alerts.html" />
    <Document title="Event Alerts" href="introduction-Event_Alerts.html" />
    <Document title="Impact Alerts" href="introduction-Impact_Alerts.html" />
    <Document title="Impact Nodes" href="introduction-Impact_Nodes.html" />
    <Document title="Sandboxes" href="introduction-Sandboxes.html" />
    <Document title="Collaboration" href="introduction-Collaboration.html" />
    <Document title="Resolution Plans" href="introduction-Resolution_Plans.html" />
    <Document title="Resolution Process and Resolution Tasks" href="introduction-Resolution_Process_and_Resolution_Tasks.html" />
    <Document title="Timogen Adaptive Controller Features" href="introduction-Timogen_Adaptive_Controller_Features.html" />
    <Document title="Real-Time Monitoring" href="introduction-Real-Time_Monitoring.html" />
    <Document title="Participant Notification" href="introduction-Participant_Notification.html" />
    <Document title="Problem Resolution Tools" href="introduction-Problem_Resolution_Tools.html" />
    <Document title="Supply/Demand Matching" href="introduction-SupplyDemand_Matching.html" />
    <Document title="Advisory Tools" href="introduction-Advisory_Tools.html" />
    <Document title="Timogen Adaptive Controller Functions" href="introduction-Timogen_Adaptive_Controller_Functions.html" />
    <Document title="Visibility" href="introduction-Visibility.html" />
    <Document title="Analytics" href="introduction-Analytics.html" />
    <Document title="Execution" href="introduction-Execution.html" />
    <Document title="Reports" href="introduction-Reports.html" />
    <Document title="Personalization" href="introduction-Personalization.html" />
    <Document title="Timogen Adaptive Controller Workflow" href="introduction-Timogen_Adaptive_Controller_Workflow.html" />
    <Document title="Timogen Adaptive Controller Architecture" href="introduction-Timogen_Adaptive_Controller_Architecture.html" />
    <Document title="User Functions" href="introduction-User_Functions.html" />
    <Document title="Getting Started" href="introduction-Getting_Started.html" />
    <Document title="Documentation Conventions" href="introduction-Documentation_Conventions.html" />
    <Document title="Related Documentation" href="introduction-Related_Documentation.html" />
    <Document title="Technical Support" href="introduction-Technical_Support.html" />
    <Document title="Part 1     Business User " href="section1-Business_User.html" />
    <Document title="Home Page " href="chapter01_home_page-Home_Page.html" />
    <Document title="Filtering Criteria" href="chapter01_home_page-Filtering_Criteria.html" />
    <Document title="Viewing All Records" href="chapter01_home_page-Viewing_All_Records.html" />
    <Document title="Impact Alerts" href="chapter01_home_page-Impact_Alerts.html" />
    <Document title="Event Alerts" href="chapter01_home_page-Event_Alerts.html" />
    <Document title="Tasks" href="chapter01_home_page-Tasks.html" />
    <Document title="Collaboration Requests" href="chapter01_home_page-Collaboration_Requests.html" />
    <Document title="Sandboxes" href="chapter01_home_page-Sandboxes.html" />
    <Document title="Impact and Event Alerts " href="chapter02_impact_and_event_alerts-Impact_and_Event_Alerts.html" />
    <Document title="Impact Alerts" href="chapter02_impact_and_event_alerts-Impact_Alerts.html" />
    <Document title="Event Alerts" href="chapter02_impact_and_event_alerts-Event_Alerts.html" />
    <Document title="Viewing Lists" href="chapter02_impact_and_event_alerts-Viewing_Lists.html" />
    <Document title="Filtering Lists" href="chapter02_impact_and_event_alerts-Filtering_Lists.html" />
    <Document title="List View Details" href="chapter02_impact_and_event_alerts-List_View_Details.html" />
    <Document title="Viewing Alerts" href="chapter02_impact_and_event_alerts-Viewing_Alerts.html" />
    <Document title="Alert Details" href="chapter02_impact_and_event_alerts-Alert_Details.html" />
    <Document title="Alert Detail Page - Top Pane" href="chapter02_impact_and_event_alerts-Alert_Detail_Page_-_Top_Pane.html" />
    <Document title="Alert Detail Page - Middle Pane" href="chapter02_impact_and_event_alerts-Alert_Detail_Page_-_Middle_Pane.html" />
    <Document title="Alert Detail Page - Bottom Pane" href="chapter02_impact_and_event_alerts-Alert_Detail_Page_-_Bottom_Pane.html" />
    <Document title="Archiving Alerts" href="chapter02_impact_and_event_alerts-Archiving_Alerts.html" />
    <Document title="Unarchiving Alerts" href="chapter02_impact_and_event_alerts-Unarchiving_Alerts.html" />
    <Document title="Claiming Alerts" href="chapter02_impact_and_event_alerts-Claiming_Alerts.html" />
    <Document title="Finding an Impact Alert&#39;s Cause" href="chapter02_impact_and_event_alerts-Finding_an_Impact_Alerts_Cause.html" />
    <Document title="Forwarding Alerts" href="chapter02_impact_and_event_alerts-Forwarding_Alerts.html" />
    <Document title="Recommending Action for an Alert" href="chapter02_impact_and_event_alerts-Recommending_Action_for_an_Alert.html" />
    <Document title="Solving Alerts" href="chapter02_impact_and_event_alerts-Solving_Alerts.html" />
    <Document title="Pending Alert Close" href="chapter02_impact_and_event_alerts-Pending_Alert_Close.html" />
    <Document title="Closing Alerts" href="chapter02_impact_and_event_alerts-Closing_Alerts.html" />
    <Document title="Viewing Supply/Demand Buckets" href="chapter02_impact_and_event_alerts-Viewing_SupplyDemand_Buckets.html" />
    <Document title="Changing Buckets for a Supply/Demand View" href="chapter02_impact_and_event_alerts-Changing_Buckets_for_a_SupplyDemand_View.html" />
    <Document title="Viewing Bill of Materials Information" href="chapter02_impact_and_event_alerts-Viewing_Bill_of_Materials_Information.html" />
    <Document title="Reading Notes" href="chapter02_impact_and_event_alerts-Reading_Notes.html" />
    <Document title="Adding Notes" href="chapter02_impact_and_event_alerts-Adding_Notes.html" />
    <Document title="Viewing Attachments" href="chapter02_impact_and_event_alerts-Viewing_Attachments.html" />
    <Document title="Adding Attachments" href="chapter02_impact_and_event_alerts-Adding_Attachments.html" />
    <Document title="Deleting Attachments" href="chapter02_impact_and_event_alerts-Deleting_Attachments.html" />
    <Document title="Viewing Resolvers" href="chapter02_impact_and_event_alerts-Viewing_Resolvers.html" />
    <Document title="Adding Resolvers" href="chapter02_impact_and_event_alerts-Adding_Resolvers.html" />
    <Document title="Removing resolvers" href="chapter02_impact_and_event_alerts-Removing_resolvers.html" />
    <Document title="Viewing Viewer Information" href="chapter02_impact_and_event_alerts-Viewing_Viewer_Information.html" />
    <Document title="Adding Viewers" href="chapter02_impact_and_event_alerts-Adding_Viewers.html" />
    <Document title="Sending Notifications" href="chapter02_impact_and_event_alerts-Sending_Notifications.html" />
    <Document title="Manual Alerts" href="chapter02_impact_and_event_alerts-Manual_Alerts.html" />
    <Document title="Creating Manual Alerts" href="chapter02_impact_and_event_alerts-Creating_Manual_Alerts.html" />
    <Document title="Updating Alert Information" href="chapter02_impact_and_event_alerts-Updating_Alert_Information.html" />
    <Document title="Impact Nodes and Supply Networks " href="chapter02a_impact_nodes_and_supply_networks-Impact_Nodes_and_Supply_Networks.html" />
    <Document title="Viewing Impact Node Lists" href="chapter02a_impact_nodes_and_supply_networks-Viewing_Impact_Node_Lists.html" />
    <Document title="Filtering Impact Node Lists" href="chapter02a_impact_nodes_and_supply_networks-Filtering_Impact_Node_Lists.html" />
    <Document title="Supply Networks" href="chapter02a_impact_nodes_and_supply_networks-Supply_Networks.html" />
    <Document title="Inventory Item Supply/Demand Information" href="chapter02a_impact_nodes_and_supply_networks-Inventory_Item_SupplyDemand_Information.html" />
    <Document title="Viewing Inventory Item BOM Supply/Demand Information" href="chapter02a_impact_nodes_and_supply_networks-Viewing_Inventory_Item_BOM_SupplyDemand_Information.html" />
    <Document title="Viewing Inventory Item Where Used Supply/Demand Information" href="chapter02a_impact_nodes_and_supply_networks-Viewing_Inventory_Item_Where_Used_SupplyDemand_Information.html" />
    <Document title="Analysis Sandbox " href="chapter03_analysis_sandbox-Analysis_Sandbox.html" />
    <Document title="Viewing Sandboxes" href="chapter03_analysis_sandbox-Viewing_Sandboxes.html" />
    <Document title="Creating Sandboxes" href="chapter03_analysis_sandbox-Creating_Sandboxes.html" />
    <Document title="Copying Sandboxes" href="chapter03_analysis_sandbox-Copying_Sandboxes.html" />
    <Document title="Forwarding Sandboxes" href="chapter03_analysis_sandbox-Forwarding_Sandboxes.html" />
    <Document title="Deleting Sandboxes" href="chapter03_analysis_sandbox-Deleting_Sandboxes.html" />
    <Document title="Configuring Sandboxes" href="chapter03_analysis_sandbox-Configuring_Sandboxes.html" />
    <Document title="Selecting Problem Configuration Templates" href="chapter03_analysis_sandbox-Selecting_Problem_Configuration_Templates.html" />
    <Document title="Defining Resolution Plans" href="chapter03_analysis_sandbox-Defining_Resolution_Plans.html" />
    <Document title="Adding Tasks" href="chapter03_analysis_sandbox-Adding_Tasks.html" />
    <Document title="Editing Tasks" href="chapter03_analysis_sandbox-Editing_Tasks.html" />
    <Document title="Defining Scope" href="chapter03_analysis_sandbox-Defining_Scope.html" />
    <Document title="Defining Business Goals" href="chapter03_analysis_sandbox-Defining_Business_Goals.html" />
    <Document title="Defining Constraints" href="chapter03_analysis_sandbox-Defining_Constraints.html" />
    <Document title="Comparing Sandboxes" href="chapter03_analysis_sandbox-Comparing_Sandboxes.html" />
    <Document title="Collaborative Notes" href="chapter03_analysis_sandbox-Collaborative_Notes.html" />
    <Document title="Viewing Collaborative Notes" href="chapter03_analysis_sandbox-Viewing_Collaborative_Notes.html" />
    <Document title="Adding Collaborative Notes" href="chapter03_analysis_sandbox-Adding_Collaborative_Notes.html" />
    <Document title="Resolution Plans" href="chapter03_analysis_sandbox-Resolution_Plans.html" />
    <Document title="Generating Resolution Plans" href="chapter03_analysis_sandbox-Generating_Resolution_Plans.html" />
    <Document title="Evaluating Resolution Plans" href="chapter03_analysis_sandbox-Evaluating_Resolution_Plans.html" />
    <Document title="Executing Resolution Plans" href="chapter03_analysis_sandbox-Executing_Resolution_Plans.html" />
    <Document title="Impact Statements" href="chapter03_analysis_sandbox-Impact_Statements.html" />
    <Document title="Supply/Demand Views" href="chapter03_analysis_sandbox-SupplyDemand_Views.html" />
    <Document title="Execution " href="chapter04_execution-Execution.html" />
    <Document title="Tasks" href="chapter04_execution-Tasks.html" />
    <Document title="Tasks Page" href="chapter04_execution-Tasks_Page.html" />
    <Document title="Claiming Tasks" href="chapter04_execution-Claiming_Tasks.html" />
    <Document title="Approving Tasks" href="chapter04_execution-Approving_Tasks.html" />
    <Document title="Executing Tasks" href="chapter04_execution-Executing_Tasks.html" />
    <Document title="Viewing Task Details" href="chapter04_execution-Viewing_Task_Details.html" />
    <Document title="Viewing Task Processes" href="chapter04_execution-Viewing_Task_Processes.html" />
    <Document title="Viewing Task Performers" href="chapter04_execution-Viewing_Task_Performers.html" />
    <Document title="Viewing Task Notes" href="chapter04_execution-Viewing_Task_Notes.html" />
    <Document title="Reconciling Tasks" href="chapter04_execution-Reconciling_Tasks.html" />
    <Document title="Stopping Tasks" href="chapter04_execution-Stopping_Tasks.html" />
    <Document title="Messages" href="chapter04_execution-Messages.html" />
    <Document title="Viewing Messages" href="chapter04_execution-Viewing_Messages.html" />
    <Document title="Deleting Messages" href="chapter04_execution-Deleting_Messages.html" />
    <Document title="Resolution Process" href="chapter04_execution-Resolution_Process.html" />
    <Document title="Viewing Resolution Process Tasks" href="chapter04_execution-Viewing_Resolution_Process_Tasks.html" />
    <Document title="Reports " href="chapter05_reports-Reports.html" />
    <Document title="Scheduled Reports" href="chapter05_reports-Scheduled_Reports.html" />
    <Document title="Viewing Scheduled Reports" href="chapter05_reports-Viewing_Scheduled_Reports.html" />
    <Document title="On-Demand Reports" href="chapter05_reports-On-Demand_Reports.html" />
    <Document title="Creating Alert Summary Reports" href="chapter05_reports-Creating_Alert_Summary_Reports.html" />
    <Document title="Creating Inventory Detail Reports" href="chapter05_reports-Creating_Inventory_Detail_Reports.html" />
    <Document title="Creating PO vs. Forecast Reports" href="chapter05_reports-Creating_PO_vs._Forecast_Reports.html" />
    <Document title="Creating Related POs Reports" href="chapter05_reports-Creating_Related_POs_Reports.html" />
    <Document title="Creating Inventory Summary Reports" href="chapter05_reports-Creating_Inventory_Summary_Reports.html" />
    <Document title="Exporting Reports" href="chapter05_reports-Exporting_Reports.html" />
    <Document title="Personalization " href="chapter06_personalization-Personalization.html" />
    <Document title="Configuring Home Page Sections" href="chapter06_personalization-Configuring_Home_Page_Sections.html" />
    <Document title="Alert Subscriptions" href="chapter06_personalization-Alert_Subscriptions.html" />
    <Document title="Subscribing to Event Alerts" href="chapter06_personalization-Subscribing_to_Event_Alerts.html" />
    <Document title="Unsubscribing from Event Alerts" href="chapter06_personalization-Unsubscribing_from_Event_Alerts.html" />
    <Document title="Subscribing to Impact Alerts" href="chapter06_personalization-Subscribing_to_Impact_Alerts.html" />
    <Document title="Unsubscribing from Impact Alerts" href="chapter06_personalization-Unsubscribing_from_Impact_Alerts.html" />
    <Document title="Impact Node Subscriptions" href="chapter06_personalization-Impact_Node_Subscriptions.html" />
    <Document title="Subscribing to Impact Nodes" href="chapter06_personalization-Subscribing_to_Impact_Nodes.html" />
    <Document title="Unsubscribing from Impact Nodes" href="chapter06_personalization-Unsubscribing_from_Impact_Nodes.html" />
    <Document title="Search and Filter List Defaults" href="chapter06_personalization-Search_and_Filter_List_Defaults.html" />
    <Document title="Scheduled Report Subscriptions" href="chapter06_personalization-Scheduled_Report_Subscriptions.html" />
    <Document title="Profile" href="chapter06_personalization-Profile.html" />
    <Document title="Part 2     Business Admin " href="section2-Business_Admin.html" />
    <Document title="Alert Definition " href="chapter07_alert_definition-Alert_Definition.html" />
    <Document title="Event Alert Definition" href="chapter07_alert_definition-Event_Alert_Definition.html" />
    <Document title="Event Alert Categories" href="chapter07_alert_definition-Event_Alert_Categories.html" />
    <Document title="Supply Alert Categories" href="chapter07_alert_definition-Supply_Alert_Categories.html" />
    <Document title="Demand Alert Categories" href="chapter07_alert_definition-Demand_Alert_Categories.html" />
    <Document title="Special Alert Categories" href="chapter07_alert_definition-Special_Alert_Categories.html" />
    <Document title="Event Alert Attributes" href="chapter07_alert_definition-Event_Alert_Attributes.html" />
    <Document title="Event Alert Thresholds" href="chapter07_alert_definition-Event_Alert_Thresholds.html" />
    <Document title="Event Alert Resolvers" href="chapter07_alert_definition-Event_Alert_Resolvers.html" />
    <Document title="Event Alert Escalation" href="chapter07_alert_definition-Event_Alert_Escalation.html" />
    <Document title="Creating Event Alert Definitions" href="chapter07_alert_definition-Creating_Event_Alert_Definitions.html" />
    <Document title="Editing Event Alert Definitions" href="chapter07_alert_definition-Editing_Event_Alert_Definitions.html" />
    <Document title="Deleting Event Alert Definitions" href="chapter07_alert_definition-Deleting_Event_Alert_Definitions.html" />
    <Document title="Impact Alert Definition" href="chapter07_alert_definition-Impact_Alert_Definition.html" />
    <Document title="Impact Alert Attributes" href="chapter07_alert_definition-Impact_Alert_Attributes.html" />
    <Document title="Impact Alert Thresholds" href="chapter07_alert_definition-Impact_Alert_Thresholds.html" />
    <Document title="Impact Alert Resolvers" href="chapter07_alert_definition-Impact_Alert_Resolvers.html" />
    <Document title="Impact Alert Options" href="chapter07_alert_definition-Impact_Alert_Options.html" />
    <Document title="Impact Alert Escalation" href="chapter07_alert_definition-Impact_Alert_Escalation.html" />
    <Document title="Impact Alert Sandbox Configuration Template" href="chapter07_alert_definition-Impact_Alert_Sandbox_Configuration_Template.html" />
    <Document title="Creating Impact Alert Definitions" href="chapter07_alert_definition-Creating_Impact_Alert_Definitions.html" />
    <Document title="Editing Impact Alert Definitions" href="chapter07_alert_definition-Editing_Impact_Alert_Definitions.html" />
    <Document title="Deleting Impact Alert Definitions" href="chapter07_alert_definition-Deleting_Impact_Alert_Definitions.html" />
    <Document title="Defining Privileges and Groups " href="chapter08_defining_privileges_and_groups-Defining_Privileges_and_Groups.html" />
    <Document title="Creating Privileges" href="chapter08_defining_privileges_and_groups-Creating_Privileges.html" />
    <Document title="Editing Privileges" href="chapter08_defining_privileges_and_groups-Editing_Privileges.html" />
    <Document title="Deleting Privileges" href="chapter08_defining_privileges_and_groups-Deleting_Privileges.html" />
    <Document title="Roles" href="chapter08_defining_privileges_and_groups-Roles.html" />
    <Document title="Creating Roles" href="chapter08_defining_privileges_and_groups-Creating_Roles.html" />
    <Document title="Editing Roles" href="chapter08_defining_privileges_and_groups-Editing_Roles.html" />
    <Document title="Deleting Roles" href="chapter08_defining_privileges_and_groups-Deleting_Roles.html" />
    <Document title="Item Groups" href="chapter08_defining_privileges_and_groups-Item_Groups.html" />
    <Document title="Creating Item Groups" href="chapter08_defining_privileges_and_groups-Creating_Item_Groups.html" />
    <Document title="Editing Items Groups" href="chapter08_defining_privileges_and_groups-Editing_Items_Groups.html" />
    <Document title="Deleting Item Groups" href="chapter08_defining_privileges_and_groups-Deleting_Item_Groups.html" />
    <Document title="Node Groups" href="chapter08_defining_privileges_and_groups-Node_Groups.html" />
    <Document title="Creating Node Groups" href="chapter08_defining_privileges_and_groups-Creating_Node_Groups.html" />
    <Document title="Viewing Node Group Nodes" href="chapter08_defining_privileges_and_groups-Viewing_Node_Group_Nodes.html" />
    <Document title="Editing Node Groups" href="chapter08_defining_privileges_and_groups-Editing_Node_Groups.html" />
    <Document title="Deleting Node Groups" href="chapter08_defining_privileges_and_groups-Deleting_Node_Groups.html" />
    <Document title="Resolution Process Definitions " href="chapter09_configuring_resolution_process_definitions-Resolution_Process_Definitions.html" />
    <Document title="Editing Resolution Process Definitions" href="chapter09_configuring_resolution_process_definitions-Editing_Resolution_Process_Definitions.html" />
    <Document title="Problem Configuration Templates " href="chapter10_problem_configuration_templates-Problem_Configuration_Templates.html" />
    <Document title="Creating Problem Configuration Templates" href="chapter10_problem_configuration_templates-Creating_Problem_Configuration_Templates.html" />
    <Document title="Editing Problem Configuration Templates" href="chapter10_problem_configuration_templates-Editing_Problem_Configuration_Templates.html" />
    <Document title="Deleting Problem Configuration Templates" href="chapter10_problem_configuration_templates-Deleting_Problem_Configuration_Templates.html" />
    <Document title="Defining Scheduled Reports " href="chapter11_defining_scheduled_reports-Defining_Scheduled_Reports.html" />
    <Document title="Creating Scheduled Reports" href="chapter11_defining_scheduled_reports-Creating_Scheduled_Reports.html" />
    <Document title="Editing Scheduled Reports" href="chapter11_defining_scheduled_reports-Editing_Scheduled_Reports.html" />
    <Document title="Enabling/Disabling Scheduled Reports" href="chapter11_defining_scheduled_reports-EnablingDisabling_Scheduled_Reports.html" />
    <Document title="Deleting Scheduled Reports" href="chapter11_defining_scheduled_reports-Deleting_Scheduled_Reports.html" />
    <Document title="Alert Summary Report Details" href="chapter11_defining_scheduled_reports-Alert_Summary_Report_Details.html" />
    <Document title="Inventory Detail Report Details" href="chapter11_defining_scheduled_reports-Inventory_Detail_Report_Details.html" />
    <Document title="PO vs. Forecast Report Details" href="chapter11_defining_scheduled_reports-PO_vs._Forecast_Report_Details.html" />
    <Document title="Related POs Report Details" href="chapter11_defining_scheduled_reports-Related_POs_Report_Details.html" />
    <Document title="Inventory Summary Report Details" href="chapter11_defining_scheduled_reports-Inventory_Summary_Report_Details.html" />
    <Document title="Reconciliation/Consumption " href="chapter12_reconciliation-ReconciliationConsumption.html" />
    <Document title="Editing Demand Node Consumption Configuration" href="chapter12_reconciliation-Editing_Demand_Node_Consumption_Configuration.html" />
    <Document title="Part 3     Technical Admin " href="section3-Technical_Admin.html" />
    <Document title="User Management " href="chapter13_user_management-User_Management.html" />
    <Document title="About Users" href="chapter13_user_management-About_Users.html" />
    <Document title="Viewing User Lists" href="chapter13_user_management-Viewing_User_Lists.html" />
    <Document title="User Details" href="chapter13_user_management-User_Details.html" />
    <Document title="Creating Users" href="chapter13_user_management-Creating_Users.html" />
    <Document title="Editing User Details" href="chapter13_user_management-Editing_User_Details.html" />
    <Document title="Deleting Users" href="chapter13_user_management-Deleting_Users.html" />
    <Document title="About Functions" href="chapter13_user_management-About_Functions.html" />
    <Document title="Viewing Function Lists" href="chapter13_user_management-Viewing_Function_Lists.html" />
    <Document title="Assigning Functions to Users" href="chapter13_user_management-Assigning_Functions_to_Users.html" />
    <Document title="Removing Functions From Users" href="chapter13_user_management-Removing_Functions_From_Users.html" />
    <Document title="Scheduled Cleanup " href="chapter15_scheduled_cleanup_calendar-Scheduled_Cleanup.html" />
    <Document title="Scheduling Cleanups" href="chapter15_scheduled_cleanup_calendar-Scheduling_Cleanups.html" />
    <Document title="Editing Scheduled Cleanups" href="chapter15_scheduled_cleanup_calendar-Editing_Scheduled_Cleanups.html" />
    <Document title="Stopping Scheduled Cleanups" href="chapter15_scheduled_cleanup_calendar-Stopping_Scheduled_Cleanups.html" />
    <Document title="Deleting Scheduled Cleanups" href="chapter15_scheduled_cleanup_calendar-Deleting_Scheduled_Cleanups.html" />
    <Document title="Messages " href="chapter16_messages-Messages.html" />
    <Document title="Deleting Messages" href="chapter16_messages-Deleting_Messages.html" />
    <Document title="Appendix A    Business Process Maps" href="appendixB_business_process_maps-Business_Process_Maps.html" />
    <Document title="Resolution Process" href="appendixB_business_process_maps-Resolution_Process.html" />
    <Document title="Alert Creation" href="appendixB_business_process_maps-Alert_Creation.html" />
    <Document title="Analytics Process" href="appendixB_business_process_maps-Analytics_Process.html" />
    <Document title="Advice Generation" href="appendixB_business_process_maps-Advice_Generation.html" />
    <Document title="Resolution Execution" href="appendixB_business_process_maps-Resolution_Execution.html" />
    <Document title="Glossary " href="glossary-Glossary.html" />
    <Document title="Index" href="userguideIX-Index.html" />
  </DocumentInfo>

  <!--
  The TopicMap block is used for enabling context-sensitive help for
  use with your own software application. Publisher will automatically
  create Topic entries derived from the usage of the "TopicAlias"
  marker in your FrameMaker document(s). The "TopicAlias" marker should
  only contain the name of the topic.
  Each resulting Topic entry will be of the form:

    <Topic name="yourTopicName" href="yourBook/filename#123456">

  Where the topic name must contain only the characters:
  "A-Z", "a-z", "0-9", or "_".
  -->

  <TopicMap>
  </TopicMap>
</WebWorksHelpBook>
